op_id	desc	proc	level
0	Operation <0>		
1	toplevel <1>	CPU Processor 0x1d00000000000004	2
3	Mapping Operation <3>		
4	Mapping Operation <4>		
5	Mapping Operation <5>		
6	read_matrix <6>	CPU Processor 0x1d00000000000001	2
7	Mapping Operation <7>		
8	Mapping Operation <8>		
9	Mapping Operation <9>		
10	read_nodes_region <10>	CPU Processor 0x1d00000000000001	2
11	read_nodes_region <11>	CPU Processor 0x1d00000000000001	2
12	Mapping Operation <12>		
13	Mapping Operation <13>		
14	Fill Operation <14>		
15	read_tree <15>	CPU Processor 0x1d00000000000004	3
16	Mapping Operation <16>		
17	Mapping Operation <17>		
18	Mapping Operation <18>		
19	Color Rects <1,2> <19>	CPU Processor 0x1d00000000000001	2
20	Dependent Partition Operation <20>		
21	Dependent Partition Operation <21>		
22	Deletion Operation <22>		
23	Deletion Operation <23>		
24	Deletion Operation <24>		
25	Fence Operation <25>		
26	__dummy <26>	CPU Processor 0x1d00000000000004	3
27	fill_matrix <27>	CPU Processor 0x1d00000000000004	3
28	fill_matrix <28>	CPU Processor 0x1d00000000000004	3
29	fill_matrix <29>	CPU Processor 0x1d00000000000004	3
30	fill_matrix <30>	CPU Processor 0x1d00000000000004	3
31	fill_matrix <31>	CPU Processor 0x1d00000000000004	3
32	Advance Operation <32>		
33	fill_matrix <33>	CPU Processor 0x1d00000000000001	2
34	fill_matrix <34>	CPU Processor 0x1d00000000000004	3
35	Mapping Operation <35>		
36	Open Operation <36>		
37	Mapping Operation <37>		
38	Mapping Operation <38>		
39	Open Operation <39>		
40	Open Operation <40>		
41	Open Operation <41>		
42	Open Operation <42>		
43	Open Operation <43>		
44	Open Operation <44>		
45	factorize <45>	CPU Processor 0x1d00000000000001	2
46	factorize <46>	CPU Processor 0x1d00000000000001	2
47	factorize <47>	CPU Processor 0x1d00000000000001	2
48	factorize <48>	CPU Processor 0x1d00000000000004	3
49	extend_add <49>	CPU Processor 0x1d00000000000001	2
50	extend_add <50>	CPU Processor 0x1d00000000000001	3
51	extend_add <51>	CPU Processor 0x1d00000000000001	4
52	extend_add <52>	CPU Processor 0x1d00000000000004	3
53	Mapping Operation <53>		
54	Mapping Operation <54>		
55	Mapping Operation <55>		
56	Mapping Operation <56>		
57	Mapping Operation <57>		
58	Deletion Operation <58>		
59	Deletion Operation <59>		
60	Deletion Operation <60>		
61	Deletion Operation <61>		
62	factorize <62>	CPU Processor 0x1d00000000000004	3
63	factorize <63>	CPU Processor 0x1d00000000000004	3
64	extend_add <64>	CPU Processor 0x1d00000000000004	3
65	extend_add <65>	CPU Processor 0x1d00000000000004	4
66	Mapping Operation <66>		
67	Inter Close Operation <67>		
68	Inter Close Operation <68>		
69	Mapping Operation <69>		
70	Mapping Operation <70>		
71	Deletion Operation <71>		
72	Deletion Operation <72>		
73	factorize <73>	CPU Processor 0x1d00000000000004	3
74	Mapping Operation <74>		
75	Inter Close Operation <75>		
76	Fence Operation <76>		
77	__dummy <77>	CPU Processor 0x1d00000000000004	3
78	Mapping Operation <78>		
79	Mapping Operation <79>		
80	Fill Operation <80>		
81	Copy Operation <81>		
82	fwd <82>	CPU Processor 0x1d00000000000001	2
83	Mapping Operation <83>		
84	Mapping Operation <84>		
85	Fill Operation <85>		
86	Mapping Operation <86>		
87	Deletion Operation <87>		
88	Post Close Operation <88>		
89	fwd <89>	CPU Processor 0x1d00000000000004	3
90	Mapping Operation <90>		
91	Mapping Operation <91>		
92	Fill Operation <92>		
93	Mapping Operation <93>		
94	Deletion Operation <94>		
95	Post Close Operation <95>		
96	fwd <96>	CPU Processor 0x1d00000000000001	2
97	Mapping Operation <97>		
98	Mapping Operation <98>		
99	Fill Operation <99>		
100	Mapping Operation <100>		
101	Deletion Operation <101>		
102	Post Close Operation <102>		
103	fwd <103>	CPU Processor 0x1d00000000000004	3
104	Mapping Operation <104>		
105	Mapping Operation <105>		
106	Fill Operation <106>		
107	Mapping Operation <107>		
108	Deletion Operation <108>		
109	Post Close Operation <109>		
110	fwd <110>	CPU Processor 0x1d00000000000004	3
111	Mapping Operation <111>		
112	Mapping Operation <112>		
113	Fill Operation <113>		
114	Mapping Operation <114>		
115	Deletion Operation <115>		
116	Post Close Operation <116>		
117	fwd <117>	CPU Processor 0x1d00000000000004	3
118	Mapping Operation <118>		
119	Mapping Operation <119>		
120	Fill Operation <120>		
121	Mapping Operation <121>		
122	Deletion Operation <122>		
123	Post Close Operation <123>		
124	fwd <124>	CPU Processor 0x1d00000000000004	3
125	Mapping Operation <125>		
126	Mapping Operation <126>		
127	Fill Operation <127>		
128	Mapping Operation <128>		
129	Deletion Operation <129>		
130	Post Close Operation <130>		
131	bwd <131>	CPU Processor 0x1d00000000000004	3
132	Mapping Operation <132>		
133	Mapping Operation <133>		
134	Fill Operation <134>		
135	Mapping Operation <135>		
136	Deletion Operation <136>		
137	Post Close Operation <137>		
138	bwd <138>	CPU Processor 0x1d00000000000004	3
139	Mapping Operation <139>		
140	Mapping Operation <140>		
141	Fill Operation <141>		
142	Mapping Operation <142>		
143	Deletion Operation <143>		
144	Post Close Operation <144>		
145	bwd <145>	CPU Processor 0x1d00000000000004	3
146	Mapping Operation <146>		
147	Mapping Operation <147>		
148	Fill Operation <148>		
149	Mapping Operation <149>		
150	Deletion Operation <150>		
151	Post Close Operation <151>		
152	bwd <152>	CPU Processor 0x1d00000000000004	3
153	Mapping Operation <153>		
154	Mapping Operation <154>		
155	Fill Operation <155>		
156	Mapping Operation <156>		
157	Deletion Operation <157>		
158	Post Close Operation <158>		
159	bwd <159>	CPU Processor 0x1d00000000000001	2
160	Mapping Operation <160>		
161	Mapping Operation <161>		
162	Fill Operation <162>		
163	Mapping Operation <163>		
164	Deletion Operation <164>		
165	Post Close Operation <165>		
166	bwd <166>	CPU Processor 0x1d00000000000004	3
167	Mapping Operation <167>		
168	Mapping Operation <168>		
169	Fill Operation <169>		
170	Mapping Operation <170>		
171	Deletion Operation <171>		
172	Post Close Operation <172>		
173	bwd <173>	CPU Processor 0x1d00000000000004	3
174	Mapping Operation <174>		
175	Mapping Operation <175>		
176	Fill Operation <176>		
177	Mapping Operation <177>		
178	Deletion Operation <178>		
179	Post Close Operation <179>		
180	Mapping Operation <180>		
181	Mapping Operation <181>		
182	Mapping Operation <182>		
183	verify <183>	CPU Processor 0x1d00000000000001	2
184	Deletion Operation <184>		
185	Deletion Operation <185>		
186	Deletion Operation <186>		
187	Deletion Operation <187>		
188	Deletion Operation <188>		
189	Deletion Operation <189>		
190	Deletion Operation <190>		
191	Deletion Operation <191>		
192	Deletion Operation <192>		
193	Deletion Operation <193>		
194	Deletion Operation <194>		
