level	start	end	color	opacity	title	initiation	in	out	children	parents	prof_uid
4	8834	8835	#FFC0CB	1.0	ProfTask <1>						580
4	20575	20583	#FFC0CB	1.0	ProfTask <3>						582
4	20650	20654	#FFC0CB	1.0	ProfTask <3>						584
4	20671	20673	#FFC0CB	1.0	ProfTask <3>						586
4	21743	21744	#FFC0CB	1.0	ProfTask <4>						588
4	21860	21862	#FFC0CB	1.0	ProfTask <4>						590
4	21942	21943	#FFC0CB	1.0	ProfTask <5>						592
4	21976	21985	#FFC0CB	1.0	ProfTask <5>						594
4	22200	22202	#FFC0CB	1.0	ProfTask <5>						596
4	22434	22435	#FFC0CB	1.0	ProfTask <6>						598
4	22485	22486	#FFC0CB	1.0	ProfTask						600
4	22543	22544	#FFC0CB	1.0	ProfTask <7>						602
4	22830	24559	#00ff15	1.0	read_matrix <6>						24
4	24580	24583	#FFC0CB	1.0	ProfTask <6>						604
4	24585	24586	#FFC0CB	1.0	ProfTask <6>						606
4	24906	24907	#FFC0CB	1.0	ProfTask <8>						608
4	28185	28186	#FFC0CB	1.0	ProfTask <9>						610
4	28270	28271	#FFC0CB	1.0	ProfTask <9>						612
4	28386	28389	#FFC0CB	1.0	ProfTask <10>						614
4	28459	28466	#FFC0CB	1.0	ProfTask <10>						616
4	28483	28484	#FFC0CB	1.0	ProfTask						618
4	28542	28543	#FFC0CB	1.0	ProfTask <11>						620
4	28579	28579	#FFC0CB	1.0	ProfTask <12>						622
4	28690	30586	#ca00ff	1.0	read_nodes_region <10>						1409
4	30626	33181	#ca00ff	1.0	read_nodes_region <11>						2870
4	33235	33237	#FFC0CB	1.0	ProfTask <11>						624
4	33255	33256	#FFC0CB	1.0	ProfTask <17>						626
4	33285	33286	#FFC0CB	1.0	ProfTask <11>						628
4	33557	33557	#FFC0CB	1.0	ProfTask <18>						630
4	33629	33631	#FFC0CB	1.0	ProfTask <18>						632
4	33791	33793	#FFC0CB	1.0	ProfTask <19>						634
4	33812	33813	#FFC0CB	1.0	ProfTask <19>						636
4	33839	33840	#FFC0CB	1.0	ProfTask						638
4	33918	33918	#FFC0CB	1.0	ProfTask <19>						640
4	34011	34042	#b800ff	1.0	Color Rects <1,2> <19>						1658
4	34238	34240	#FFC0CB	1.0	ProfTask <20>						642
4	34266	34267	#FFC0CB	1.0	ProfTask <21>						644
4	34335	34336	#FFC0CB	1.0	ProfTask <25>						646
4	34368	34374	#FFC0CB	1.0	ProfTask <26>						648
4	34399	34400	#FFC0CB	1.0	ProfTask						650
4	34643	34644	#FFC0CB	1.0	ProfTask <20>						652
4	34679	34682	#FFC0CB	1.0	ProfTask <20>						654
4	34804	34805	#FFC0CB	1.0	ProfTask <21>						656
4	34832	34832	#FFC0CB	1.0	ProfTask <20>						658
4	34846	34846	#FFC0CB	1.0	ProfTask <20>						660
4	34861	34867	#FFC0CB	1.0	ProfTask <20>						662
4	34924	34924	#FFC0CB	1.0	ProfTask <21>						664
4	34928	34928	#FFC0CB	1.0	ProfTask <20>						666
4	34968	34969	#FFC0CB	1.0	ProfTask <20>						668
4	34983	34984	#FFC0CB	1.0	ProfTask <21>						670
4	35015	35016	#FFC0CB	1.0	ProfTask <21>						672
4	35030	35031	#FFC0CB	1.0	ProfTask <21>						674
4	35063	35068	#FFC0CB	1.0	ProfTask <21>						676
4	35071	35072	#FFC0CB	1.0	ProfTask <21>						678
4	35101	35101	#FFC0CB	1.0	ProfTask <20>						680
4	35115	35116	#FFC0CB	1.0	ProfTask <22>						682
4	35155	35156	#FFC0CB	1.0	ProfTask <20>						684
4	35172	35183	#FFC0CB	1.0	ProfTask <19>						686
4	35221	35222	#FFC0CB	1.0	ProfTask <19>						688
4	35243	35244	#FFC0CB	1.0	ProfTask <23>						690
4	35286	35288	#FFC0CB	1.0	ProfTask <25>						692
4	35771	35772	#FFC0CB	1.0	ProfTask <24>						694
4	35775	35776	#FFC0CB	1.0	ProfTask <26>						696
4	36090	36091	#FFC0CB	1.0	ProfTask <27>						698
4	36132	36138	#FFC0CB	1.0	ProfTask <36>						700
4	36516	36517	#FFC0CB	1.0	ProfTask <28>						702
4	36601	36603	#FFC0CB	1.0	ProfTask <32>						704
4	36646	36647	#FFC0CB	1.0	ProfTask <39>						706
4	36686	36688	#FFC0CB	1.0	ProfTask <40>						708
4	36767	36781	#FFC0CB	1.0	ProfTask <42>						710
4	36822	36823	#FFC0CB	1.0	ProfTask <44>						712
4	36856	36857	#FFC0CB	1.0	ProfTask <35>						714
4	36883	36883	#FFC0CB	1.0	ProfTask <37>						716
4	36910	36911	#FFC0CB	1.0	ProfTask <27>						718
4	36937	36938	#FFC0CB	1.0	ProfTask						720
4	36969	36975	#FFC0CB	1.0	ProfTask <28>						722
4	37009	37009	#FFC0CB	1.0	ProfTask						724
4	37037	37038	#FFC0CB	1.0	ProfTask <29>						726
4	37061	37062	#FFC0CB	1.0	ProfTask						728
4	37088	37089	#FFC0CB	1.0	ProfTask <30>						730
4	37112	37117	#FFC0CB	1.0	ProfTask						732
4	37130	37130	#FFC0CB	1.0	ProfTask <31>						734
4	37176	37176	#FFC0CB	1.0	ProfTask						736
4	37203	37204	#FFC0CB	1.0	ProfTask <33>						738
4	37237	37237	#FFC0CB	1.0	ProfTask						740
4	37326	37333	#FFC0CB	1.0	ProfTask <35>						742
4	37646	37647	#FFC0CB	1.0	ProfTask <27>						744
4	37675	37678	#FFC0CB	1.0	ProfTask <27>						746
4	37810	37810	#FFC0CB	1.0	ProfTask <28>						748
4	37819	37820	#FFC0CB	1.0	ProfTask <28>						750
4	37973	37974	#FFC0CB	1.0	ProfTask <29>						752
4	38124	38130	#FFC0CB	1.0	ProfTask <30>						754
4	38266	38267	#FFC0CB	1.0	ProfTask <31>						756
4	38288	38288	#FFC0CB	1.0	ProfTask <31>						758
4	38404	38423	#0042ff	1.0	fill_matrix <33>						1411
4	38556	38557	#FFC0CB	1.0	ProfTask <34>						760
4	38566	38567	#FFC0CB	1.0	ProfTask <34>						762
4	38933	38934	#FFC0CB	1.0	ProfTask <38>						764
4	38997	38998	#FFC0CB	1.0	ProfTask <45>						766
4	39020	39021	#FFC0CB	1.0	ProfTask <45>						768
4	39523	39630	#fdff00	1.0	factorize <45>						1412
4	39648	39663	#fdff00	1.0	factorize <46>						1414
4	39679	39680	#FFC0CB	1.0	ProfTask <50>						770
4	39713	39714	#FFC0CB	1.0	ProfTask						772
4	39797	39811	#fdff00	1.0	factorize <47>						1416
4	39829	39832	#FFC0CB	1.0	ProfTask <51>						774
4	39996	40015	#FFC0CB	1.0	ProfTask <48>						776
4	40020	40020	#FFC0CB	1.0	ProfTask <52>						778
4	40038	40039	#FFC0CB	1.0	ProfTask <48>						780
4	40042	40042	#FFC0CB	1.0	ProfTask						782
4	40363	40419	#ff1100	1.0	extend_add <49>						2871
4	40419	41977	#ff1100	0.15	extend_add <49> (waiting)						2871
4	41977	41993	#ff1100	0.45	extend_add <49> (ready)						2871
4	41993	42028	#ff1100	1.0	extend_add <49>						2871
3	40510	40512	#FFC0CB	1.0	ProfTask <48>						784
3	40553	40554	#FFC0CB	1.0	ProfTask <54>						786
3	40801	40861	#ff1100	1.0	extend_add <50>						1660
3	40861	42270	#ff1100	0.15	extend_add <50> (waiting)						1660
3	42270	42280	#ff1100	0.45	extend_add <50> (ready)						1660
3	42280	42306	#ff1100	1.0	extend_add <50>						1660
2	40873	40885	#FFC0CB	1.0	ProfTask <50>						788
2	40958	40959	#FFC0CB	1.0	ProfTask						790
2	41050	41122	#ff1100	1.0	extend_add <51>						1661
2	41122	42486	#ff1100	0.15	extend_add <51> (waiting)						1661
2	42486	42495	#ff1100	0.45	extend_add <51> (ready)						1661
2	42495	42523	#ff1100	1.0	extend_add <51>						1661
1	41193	41199	#FFC0CB	1.0	ProfTask <56>						792
1	41230	41231	#FFC0CB	1.0	ProfTask <56>						794
1	41255	41256	#FFC0CB	1.0	ProfTask						796
1	41290	41304	#FFC0CB	1.0	ProfTask						798
1	41351	41352	#FFC0CB	1.0	ProfTask						800
1	41357	41357	#FFC0CB	1.0	ProfTask						802
1	41415	41416	#FFC0CB	1.0	ProfTask						804
1	41619	41619	#FFC0CB	1.0	ProfTask						806
1	41728	41730	#FFC0CB	1.0	ProfTask <52>						808
1	41747	41750	#FFC0CB	1.0	ProfTask						810
1	41764	41771	#FFC0CB	1.0	ProfTask <54>						812
4	42152	42154	#FFC0CB	1.0	ProfTask <56>						814
4	42547	42555	#FFC0CB	1.0	ProfTask <60>						816
4	42716	42718	#FFC0CB	1.0	ProfTask <57>						818
4	42817	42819	#FFC0CB	1.0	ProfTask <49>						820
4	42840	42841	#FFC0CB	1.0	ProfTask <50>						822
4	42862	42864	#FFC0CB	1.0	ProfTask <51>						824
4	42884	42886	#FFC0CB	1.0	ProfTask <61>						826
4	43103	43105	#FFC0CB	1.0	ProfTask <58>						828
4	43143	43147	#FFC0CB	1.0	ProfTask <49>						830
4	43263	43271	#FFC0CB	1.0	ProfTask <49>						832
4	43482	43484	#FFC0CB	1.0	ProfTask <59>						834
4	43510	43511	#FFC0CB	1.0	ProfTask <50>						836
4	43567	43570	#FFC0CB	1.0	ProfTask <50>						838
4	43764	43766	#FFC0CB	1.0	ProfTask <60>						840
4	43838	43842	#FFC0CB	1.0	ProfTask <51>						842
4	43864	43865	#FFC0CB	1.0	ProfTask <52>						844
4	43887	43891	#FFC0CB	1.0	ProfTask <52>						846
4	44271	44273	#FFC0CB	1.0	ProfTask <53>						848
4	44939	44941	#FFC0CB	1.0	ProfTask						850
4	45069	45071	#FFC0CB	1.0	ProfTask <63>						852
4	45200	45201	#FFC0CB	1.0	ProfTask <62>						854
4	45222	45226	#FFC0CB	1.0	ProfTask <64>						856
4	45361	45362	#FFC0CB	1.0	ProfTask <63>						858
4	45374	45375	#FFC0CB	1.0	ProfTask <63>						860
4	45665	45666	#FFC0CB	1.0	ProfTask						862
4	45761	45763	#FFC0CB	1.0	ProfTask <64>						864
4	45826	45827	#FFC0CB	1.0	ProfTask <65>						866
4	45879	45883	#FFC0CB	1.0	ProfTask						868
4	45975	45976	#FFC0CB	1.0	ProfTask <65>						870
4	46027	46028	#FFC0CB	1.0	ProfTask <69>						872
4	46170	46179	#FFC0CB	1.0	ProfTask <69>						874
4	46182	46183	#FFC0CB	1.0	ProfTask <70>						876
4	46255	46256	#FFC0CB	1.0	ProfTask <69>						878
4	46351	46352	#FFC0CB	1.0	ProfTask <69>						880
4	46369	46371	#FFC0CB	1.0	ProfTask <64>						882
4	46395	46399	#FFC0CB	1.0	ProfTask <71>						884
4	46571	46573	#FFC0CB	1.0	ProfTask <70>						886
4	46596	46598	#FFC0CB	1.0	ProfTask <65>						888
4	46609	46610	#FFC0CB	1.0	ProfTask <72>						890
4	47426	47427	#FFC0CB	1.0	ProfTask <66>						892
4	47611	47612	#FFC0CB	1.0	ProfTask <74>						894
4	47745	47746	#FFC0CB	1.0	ProfTask <75>						896
4	47778	47782	#FFC0CB	1.0	ProfTask <73>						898
4	47806	47807	#FFC0CB	1.0	ProfTask						900
4	47860	47861	#FFC0CB	1.0	ProfTask <74>						902
4	48112	48113	#FFC0CB	1.0	ProfTask <73>						904
4	48160	48164	#FFC0CB	1.0	ProfTask <73>						906
4	48178	48178	#FFC0CB	1.0	ProfTask <77>						908
4	48182	48183	#FFC0CB	1.0	ProfTask <73>						910
4	48202	48203	#FFC0CB	1.0	ProfTask <77>						912
4	48632	48633	#FFC0CB	1.0	ProfTask <78>						914
4	48879	48880	#FFC0CB	1.0	ProfTask <79>						916
4	48921	48926	#FFC0CB	1.0	ProfTask <80>						918
4	48945	48946	#FFC0CB	1.0	ProfTask <80>						920
4	49177	49178	#FFC0CB	1.0	ProfTask <83>						922
4	49282	49283	#FFC0CB	1.0	ProfTask						924
4	49311	49312	#FFC0CB	1.0	ProfTask						926
4	49382	49383	#FFC0CB	1.0	ProfTask <81>						928
4	49413	49414	#FFC0CB	1.0	ProfTask <82>						930
4	49442	49446	#FFC0CB	1.0	ProfTask						932
4	49706	49782	#ff0071	1.0	fwd <82>						2872
4	49782	50009	#ff0071	0.15	fwd <82> (waiting)						2872
4	50009	50026	#ff0071	0.45	fwd <82> (ready)						2872
4	50026	50080	#ff0071	1.0	fwd <82>						2872
4	50080	50373	#ff0071	0.15	fwd <82> (waiting)						2872
4	50373	50380	#ff0071	0.45	fwd <82> (ready)						2872
4	50380	50429	#ff0071	1.0	fwd <82>						2872
3	49812	49814	#FFC0CB	1.0	ProfTask <84>						934
3	49880	49881	#FFC0CB	1.0	ProfTask <84>						936
3	49941	49942	#FFC0CB	1.0	ProfTask <84>						938
3	50131	50133	#FFC0CB	1.0	ProfTask <85>						940
3	50170	50172	#FFC0CB	1.0	ProfTask <86>						942
3	50254	50257	#FFC0CB	1.0	ProfTask <85>						944
3	50296	50297	#FFC0CB	1.0	ProfTask <86>						946
3	50371	50372	#FFC0CB	1.0	ProfTask <86>						948
4	51099	51101	#FFC0CB	1.0	ProfTask <83>						950
4	51295	51297	#FFC0CB	1.0	ProfTask <90>						952
4	51468	51469	#FFC0CB	1.0	ProfTask <89>						954
4	51780	51782	#FFC0CB	1.0	ProfTask <91>						956
4	51921	51923	#FFC0CB	1.0	ProfTask <93>						958
4	52070	52070	#FFC0CB	1.0	ProfTask <93>						960
4	52120	52121	#FFC0CB	1.0	ProfTask <93>						962
4	52146	52150	#FFC0CB	1.0	ProfTask <89>						964
4	52179	52180	#FFC0CB	1.0	ProfTask <94>						966
4	52201	52202	#FFC0CB	1.0	ProfTask <95>						968
4	52689	52690	#FFC0CB	1.0	ProfTask <90>						970
4	52771	52773	#FFC0CB	1.0	ProfTask <96>						972
4	52797	52802	#FFC0CB	1.0	ProfTask <96>						974
4	52826	52827	#FFC0CB	1.0	ProfTask						976
4	52858	52859	#FFC0CB	1.0	ProfTask <97>						978
4	53021	53096	#ff0071	1.0	fwd <96>						1417
4	53096	53384	#ff0071	0.15	fwd <96> (waiting)						1417
4	53384	53401	#ff0071	0.45	fwd <96> (ready)						1417
4	53401	53436	#ff0071	1.0	fwd <96>						1417
4	53436	54115	#ff0071	0.15	fwd <96> (waiting)						1417
4	54115	54131	#ff0071	0.45	fwd <96> (ready)						1417
4	54131	54169	#ff0071	1.0	fwd <96>						1417
3	53471	53473	#FFC0CB	1.0	ProfTask <99>						980
3	53501	53502	#FFC0CB	1.0	ProfTask <99>						982
3	53609	53611	#FFC0CB	1.0	ProfTask						984
3	53640	53641	#FFC0CB	1.0	ProfTask						986
3	53659	53660	#FFC0CB	1.0	ProfTask						988
3	53821	53825	#FFC0CB	1.0	ProfTask						990
3	53884	53885	#FFC0CB	1.0	ProfTask						992
3	53921	53921	#FFC0CB	1.0	ProfTask						994
3	53952	53953	#FFC0CB	1.0	ProfTask						996
3	54113	54113	#FFC0CB	1.0	ProfTask <100>						998
4	54234	54236	#FFC0CB	1.0	ProfTask <100>						1000
4	54281	54283	#FFC0CB	1.0	ProfTask <101>						1002
4	54305	54306	#FFC0CB	1.0	ProfTask <101>						1004
4	54337	54338	#FFC0CB	1.0	ProfTask <102>						1006
4	54361	54362	#FFC0CB	1.0	ProfTask <96>						1008
4	54385	54386	#FFC0CB	1.0	ProfTask <96>						1010
4	54588	54589	#FFC0CB	1.0	ProfTask <101>						1012
4	54638	54639	#FFC0CB	1.0	ProfTask <102>						1014
4	54657	54661	#FFC0CB	1.0	ProfTask <96>						1016
4	54683	54684	#FFC0CB	1.0	ProfTask <97>						1018
4	54745	54747	#FFC0CB	1.0	ProfTask <96>						1020
4	54792	54793	#FFC0CB	1.0	ProfTask <97>						1022
4	54825	54826	#FFC0CB	1.0	ProfTask						1024
4	54869	54870	#FFC0CB	1.0	ProfTask						1026
4	55114	55118	#FFC0CB	1.0	ProfTask <104>						1028
4	55276	55277	#FFC0CB	1.0	ProfTask <103>						1030
4	55347	55348	#FFC0CB	1.0	ProfTask <105>						1032
4	55555	55556	#FFC0CB	1.0	ProfTask <105>						1034
4	55688	55689	#FFC0CB	1.0	ProfTask <107>						1036
4	55825	55826	#FFC0CB	1.0	ProfTask <107>						1038
4	55844	55849	#FFC0CB	1.0	ProfTask <107>						1040
4	55871	55872	#FFC0CB	1.0	ProfTask <107>						1042
4	55913	55915	#FFC0CB	1.0	ProfTask <103>						1044
4	55933	55934	#FFC0CB	1.0	ProfTask <108>						1046
4	56333	56334	#FFC0CB	1.0	ProfTask <103>						1048
4	56431	56431	#FFC0CB	1.0	ProfTask <103>						1050
4	56700	56705	#FFC0CB	1.0	ProfTask <111>						1052
4	56856	56857	#FFC0CB	1.0	ProfTask <110>						1054
4	57144	57146	#FFC0CB	1.0	ProfTask <112>						1056
4	57192	57193	#FFC0CB	1.0	ProfTask <113>						1058
4	57268	57269	#FFC0CB	1.0	ProfTask <114>						1060
4	57441	57446	#FFC0CB	1.0	ProfTask <114>						1062
4	57470	57471	#FFC0CB	1.0	ProfTask <114>						1064
4	57547	57550	#FFC0CB	1.0	ProfTask <110>						1066
4	57680	57682	#FFC0CB	1.0	ProfTask <110>						1068
4	57884	57885	#FFC0CB	1.0	ProfTask <115>						1070
4	57937	57941	#FFC0CB	1.0	ProfTask <116>						1072
4	57982	57983	#FFC0CB	1.0	ProfTask <111>						1074
4	58047	58048	#FFC0CB	1.0	ProfTask <110>						1076
4	58102	58103	#FFC0CB	1.0	ProfTask <111>						1078
4	58268	58269	#FFC0CB	1.0	ProfTask <118>						1080
4	58445	58445	#FFC0CB	1.0	ProfTask <117>						1082
4	58728	58732	#FFC0CB	1.0	ProfTask <119>						1084
4	58764	58765	#FFC0CB	1.0	ProfTask <120>						1086
4	58847	58848	#FFC0CB	1.0	ProfTask <121>						1088
4	58951	58953	#FFC0CB	1.0	ProfTask <121>						1090
4	59083	59084	#FFC0CB	1.0	ProfTask <121>						1092
4	59087	59092	#FFC0CB	1.0	ProfTask <117>						1094
4	59128	59130	#FFC0CB	1.0	ProfTask <122>						1096
4	59144	59145	#FFC0CB	1.0	ProfTask <122>						1098
4	59170	59171	#FFC0CB	1.0	ProfTask <123>						1100
4	59189	59190	#FFC0CB	1.0	ProfTask <117>						1102
4	59213	59214	#FFC0CB	1.0	ProfTask <117>						1104
4	59420	59424	#FFC0CB	1.0	ProfTask <122>						1106
4	59472	59473	#FFC0CB	1.0	ProfTask <123>						1108
4	59491	59492	#FFC0CB	1.0	ProfTask <117>						1110
4	59515	59516	#FFC0CB	1.0	ProfTask <118>						1112
4	59576	59577	#FFC0CB	1.0	ProfTask <117>						1114
4	59629	59632	#FFC0CB	1.0	ProfTask <118>						1116
4	59832	59833	#FFC0CB	1.0	ProfTask <125>						1118
4	59982	59983	#FFC0CB	1.0	ProfTask <124>						1120
4	60133	60134	#FFC0CB	1.0	ProfTask <126>						1122
4	60192	60193	#FFC0CB	1.0	ProfTask <126>						1124
4	60271	60272	#FFC0CB	1.0	ProfTask <126>						1126
4	60403	60407	#FFC0CB	1.0	ProfTask <128>						1128
4	60423	60425	#FFC0CB	1.0	ProfTask <128>						1130
4	60583	60583	#FFC0CB	1.0	ProfTask <128>						1132
4	60595	60596	#FFC0CB	1.0	ProfTask <128>						1134
4	60638	60639	#FFC0CB	1.0	ProfTask <128>						1136
4	60661	60662	#FFC0CB	1.0	ProfTask <124>						1138
4	61218	61220	#FFC0CB	1.0	ProfTask <125>						1140
4	61593	61597	#FFC0CB	1.0	ProfTask <131>						1142
4	61654	61655	#FFC0CB	1.0	ProfTask <133>						1144
4	61857	61859	#FFC0CB	1.0	ProfTask <133>						1146
4	61980	61981	#FFC0CB	1.0	ProfTask <135>						1148
4	62142	62144	#FFC0CB	1.0	ProfTask <135>						1150
4	62173	62174	#FFC0CB	1.0	ProfTask <135>						1152
4	62200	62204	#FFC0CB	1.0	ProfTask <131>						1154
4	62220	62221	#FFC0CB	1.0	ProfTask <136>						1156
4	62328	62329	#FFC0CB	1.0	ProfTask <131>						1158
4	62530	62531	#FFC0CB	1.0	ProfTask <136>						1160
4	62590	62593	#FFC0CB	1.0	ProfTask <137>						1162
4	62637	62638	#FFC0CB	1.0	ProfTask <132>						1164
4	62702	62703	#FFC0CB	1.0	ProfTask <131>						1166
4	62762	62763	#FFC0CB	1.0	ProfTask <132>						1168
4	62951	62952	#FFC0CB	1.0	ProfTask <139>						1170
4	63114	63115	#FFC0CB	1.0	ProfTask <138>						1172
4	63429	63434	#FFC0CB	1.0	ProfTask <140>						1174
4	63549	63550	#FFC0CB	1.0	ProfTask <142>						1176
4	63697	63701	#FFC0CB	1.0	ProfTask <142>						1178
4	63728	63729	#FFC0CB	1.0	ProfTask <142>						1180
4	63773	63774	#FFC0CB	1.0	ProfTask <138>						1182
4	64340	64341	#FFC0CB	1.0	ProfTask <139>						1184
4	64739	64743	#FFC0CB	1.0	ProfTask <145>						1186
4	64805	64806	#FFC0CB	1.0	ProfTask <147>						1188
4	65049	65050	#FFC0CB	1.0	ProfTask <147>						1190
4	65192	65193	#FFC0CB	1.0	ProfTask <149>						1192
4	65360	65360	#FFC0CB	1.0	ProfTask <149>						1194
4	65395	65397	#FFC0CB	1.0	ProfTask <149>						1196
4	65421	65425	#FFC0CB	1.0	ProfTask <145>						1198
4	65970	65971	#FFC0CB	1.0	ProfTask <146>						1200
4	66065	66066	#FFC0CB	1.0	ProfTask <152>						1202
4	66176	66178	#FFC0CB	1.0	ProfTask <153>						1204
4	66343	66344	#FFC0CB	1.0	ProfTask <152>						1206
4	66406	66407	#FFC0CB	1.0	ProfTask <154>						1208
4	66700	66704	#FFC0CB	1.0	ProfTask <154>						1210
4	66858	66860	#FFC0CB	1.0	ProfTask						1212
4	66910	66911	#FFC0CB	1.0	ProfTask						1214
4	66932	66933	#FFC0CB	1.0	ProfTask						1216
4	66951	66952	#FFC0CB	1.0	ProfTask						1218
4	66989	66992	#FFC0CB	1.0	ProfTask						1220
4	67034	67036	#FFC0CB	1.0	ProfTask						1222
4	67050	67051	#FFC0CB	1.0	ProfTask						1224
4	67069	67070	#FFC0CB	1.0	ProfTask <156>						1226
4	67113	67114	#FFC0CB	1.0	ProfTask <155>						1228
4	67138	67142	#FFC0CB	1.0	ProfTask <156>						1230
4	67236	67238	#FFC0CB	1.0	ProfTask <156>						1232
4	67317	67319	#FFC0CB	1.0	ProfTask <152>						1234
4	67345	67346	#FFC0CB	1.0	ProfTask <157>						1236
4	67856	67857	#FFC0CB	1.0	ProfTask <153>						1238
4	67869	67870	#FFC0CB	1.0	ProfTask						1240
4	68056	68060	#FFC0CB	1.0	ProfTask						1242
4	68080	68081	#FFC0CB	1.0	ProfTask						1244
4	68099	68100	#FFC0CB	1.0	ProfTask <160>						1246
4	68242	68318	#007eff	1.0	bwd <159>						1418
4	68318	68524	#007eff	0.15	bwd <159> (waiting)						1418
4	68524	68535	#007eff	0.45	bwd <159> (ready)						1418
4	68535	68569	#007eff	1.0	bwd <159>						1418
4	68569	68831	#007eff	0.15	bwd <159> (waiting)						1418
4	68831	68847	#007eff	0.45	bwd <159> (ready)						1418
4	68847	68884	#007eff	1.0	bwd <159>						1418
3	68603	68605	#FFC0CB	1.0	ProfTask <162>						1248
3	68628	68629	#FFC0CB	1.0	ProfTask <162>						1250
3	68660	68678	#FFC0CB	1.0	ProfTask <163>						1252
3	68701	68702	#FFC0CB	1.0	ProfTask <163>						1254
3	68740	68742	#FFC0CB	1.0	ProfTask <162>						1256
3	68829	68829	#FFC0CB	1.0	ProfTask <163>						1258
4	68969	68971	#FFC0CB	1.0	ProfTask <165>						1260
4	68994	68995	#FFC0CB	1.0	ProfTask <165>						1262
4	69016	69017	#FFC0CB	1.0	ProfTask <159>						1264
4	69323	69325	#FFC0CB	1.0	ProfTask <159>						1266
4	69355	69357	#FFC0CB	1.0	ProfTask <160>						1268
4	69420	69423	#FFC0CB	1.0	ProfTask <159>						1270
4	69474	69475	#FFC0CB	1.0	ProfTask <160>						1272
4	69798	69799	#FFC0CB	1.0	ProfTask <166>						1274
4	69859	69860	#FFC0CB	1.0	ProfTask <168>						1276
4	70086	70087	#FFC0CB	1.0	ProfTask <168>						1278
4	70219	70223	#FFC0CB	1.0	ProfTask <170>						1280
4	70390	70391	#FFC0CB	1.0	ProfTask <170>						1282
4	70417	70418	#FFC0CB	1.0	ProfTask <170>						1284
4	70495	70496	#FFC0CB	1.0	ProfTask <166>						1286
4	71072	71074	#FFC0CB	1.0	ProfTask <167>						1288
4	71212	71217	#FFC0CB	1.0	ProfTask						1290
4	71264	71265	#FFC0CB	1.0	ProfTask <174>						1292
4	71429	71430	#FFC0CB	1.0	ProfTask <173>						1294
4	71529	71530	#FFC0CB	1.0	ProfTask <175>						1296
4	71707	71709	#FFC0CB	1.0	ProfTask <175>						1298
4	72031	72032	#FFC0CB	1.0	ProfTask <177>						1300
4	72159	72162	#FFC0CB	1.0	ProfTask <179>						1302
4	72184	72185	#FFC0CB	1.0	ProfTask <179>						1304
4	72199	72201	#FFC0CB	1.0	ProfTask <173>						1306
4	72224	72227	#FFC0CB	1.0	ProfTask <173>						1308
4	72443	72444	#FFC0CB	1.0	ProfTask <178>						1310
4	72492	72493	#FFC0CB	1.0	ProfTask <179>						1312
4	72511	72512	#FFC0CB	1.0	ProfTask <173>						1314
4	72535	72535	#FFC0CB	1.0	ProfTask <174>						1316
4	72595	72603	#FFC0CB	1.0	ProfTask <173>						1318
4	72643	72644	#FFC0CB	1.0	ProfTask <174>						1320
4	72914	72916	#FFC0CB	1.0	ProfTask <180>						1322
4	73044	73045	#FFC0CB	1.0	ProfTask <181>						1324
4	73137	73138	#FFC0CB	1.0	ProfTask <182>						1326
4	73222	73232	#FFC0CB	1.0	ProfTask <1>						1328
4	73453	73454	#FFC0CB	1.0	ProfTask <184>						1330
4	73479	73481	#FFC0CB	1.0	ProfTask <187>						1332
4	73503	73504	#FFC0CB	1.0	ProfTask <188>						1334
4	73534	73535	#FFC0CB	1.0	ProfTask <191>						1336
4	73570	73571	#FFC0CB	1.0	ProfTask						1338
4	73603	73606	#FFC0CB	1.0	ProfTask						1340
4	73750	73785	#ff0038	1.0	verify <183>						2873
4	73798	73800	#FFC0CB	1.0	ProfTask <186>						1342
4	73833	73835	#FFC0CB	1.0	ProfTask <193>						1344
4	73880	73881	#FFC0CB	1.0	ProfTask <187>						1346
4	73902	73903	#FFC0CB	1.0	ProfTask <188>						1348
4	73923	73927	#FFC0CB	1.0	ProfTask <189>						1350
4	74162	74163	#FFC0CB	1.0	ProfTask <184>						1352
4	74363	74364	#FFC0CB	1.0	ProfTask <185>						1354
4	74388	74390	#FFC0CB	1.0	ProfTask <183>						1356
4	74428	74430	#FFC0CB	1.0	ProfTask <183>						1358
4	74626	74626	#FFC0CB	1.0	ProfTask <186>						1360
4	74825	74829	#FFC0CB	1.0	ProfTask <187>						1362
4	75022	75023	#FFC0CB	1.0	ProfTask <188>						1364
4	75219	75219	#FFC0CB	1.0	ProfTask <189>						1366
4	75423	75424	#FFC0CB	1.0	ProfTask <190>						1368
4	76125	76128	#FFC0CB	1.0	ProfTask <49>						1370
4	76159	76159	#FFC0CB	1.0	ProfTask <50>						1372
4	76559	76560	#FFC0CB	1.0	ProfTask <51>						1374
4	76584	76585	#FFC0CB	1.0	ProfTask <52>						1376
4	76873	76874	#FFC0CB	1.0	ProfTask <65>						1378
4	77985	77986	#FFC0CB	1.0	ProfTask <192>						1380
4	78245	78250	#FFC0CB	1.0	ProfTask <193>						1382
4	78877	78878	#FFC0CB	1.0	ProfTask						1384
4	79154	79155	#FFC0CB	1.0	ProfTask						1386
4	79566	79567	#FFC0CB	1.0	ProfTask <13>						1388
4	79579	79580	#FFC0CB	1.0	ProfTask <16>						1390
4	79584	79584	#FFC0CB	1.0	ProfTask <18>						1392
4	79665	79665	#FFC0CB	1.0	ProfTask <55>						1394
4	79679	79679	#FFC0CB	1.0	ProfTask <56>						1396
4	79691	79691	#FFC0CB	1.0	ProfTask <57>						1398
4	79846	79846	#FFC0CB	1.0	ProfTask <91>						1400
4	79876	79876	#FFC0CB	1.0	ProfTask <126>						1402
4	79903	79903	#FFC0CB	1.0	ProfTask <112>						1404
4	79914	79915	#FFC0CB	1.0	ProfTask <119>						1406
4	79927	79931	#FFC0CB	1.0	ProfTask <154>						1408
